<?xml version="1.0" encoding="utf-8"?>
<!DOCTYPE businessCard [
<!ELEMENT businessCard (personal_info,firstName,lastName,Phone,email, Contact)>
<!ELEMENT personal_info (#PCDATA)>
<!ELEMENT firstName (#PCDATA)>
<!ELEMENT lastName (#PCDATA)>
<!ELEMENT Phone (#PCDATA)>
<!ELEMENT email (#PCDATA)>
<!ELEMENT Contact (#PCDATA)>
]>
<businessCard>
	<personal_info>
		<firstName>John </firstName>
		<lastName> Smith </lastName>
	</personal_info>
	<Contact>
		<Phone type="home"> 647-111-2222</Phone>
		<Phone type="cell"> 416-111-2222</Phone>
		<Phone type="office">1-800-999-8888</Phone>
		<email> abc@gmail.com </email>
	</Contact>
</businessCard>
